{
  "train_loss": [
    0.2705273249867692,
    0.14478491837663182,
    0.11725082646967021,
    0.10162755904043082,
    0.09094375416662281,
    0.08379030762352487,
    0.07467804879703716,
    0.033061617186284566,
    0.022499970805533762,
    0.018588880441795196,
    0.015624277044391345,
    0.013079589851879339,
    0.011135625240574121,
    0.009420677078636808,
    0.006586546975760943,
    0.0058817210155151685,
    0.0055768215313593775,
    0.005352633071660962,
    0.005139053801360636,
    0.004974088723694977
  ],
  "train_acc": [
    91.87,
    95.52,
    96.375,
    96.78,
    97.13166666666666,
    97.39,
    97.735,
    98.93166666666667,
    99.33,
    99.46333333333334,
    99.55833333333334,
    99.665,
    99.72166666666666,
    99.755,
    99.87666666666667,
    99.91333333333333,
    99.92333333333333,
    99.93,
    99.93,
    99.93833333333333
  ],
  "val_loss": [
    0.15116590284742415,
    0.13112002678488374,
    0.1333154060276875,
    0.1407298431425892,
    0.12113602646733308,
    0.119139520785101,
    0.10859425588379129,
    0.07970874586339816,
    0.08047002807795432,
    0.0849702862227219,
    0.08615544978097697,
    0.08939547596085962,
    0.09472861540982026,
    0.09791916031268001,
    0.0947603379055394,
    0.09480552935487187,
    0.09527996528555749,
    0.09554261035880121,
    0.09647557491241282,
    0.09702189758588742
  ],
  "val_acc": [
    95.35,
    95.68,
    96.21,
    96.12,
    96.37,
    96.71,
    97.12,
    97.78,
    97.77,
    97.81,
    97.75,
    97.84,
    97.8,
    97.76,
    97.86,
    97.82,
    97.82,
    97.82,
    97.81,
    97.81
  ],
  "epoch_times": [
    85.31331205368042,
    85.0838463306427,
    85.91807961463928,
    84.72803044319153,
    85.83483958244324,
    85.15679669380188,
    86.05310726165771,
    86.27183771133423,
    84.27423739433289,
    85.73371911048889,
    85.46748185157776,
    85.87907147407532,
    86.1477677822113,
    85.69540667533875,
    85.95304703712463,
    84.79474377632141,
    85.67293667793274,
    85.7625470161438,
    85.25128531455994,
    86.19074416160583
  ],
  "memory_usage": [
    {
      "cpu_memory_gb": 1.2885589599609375,
      "gpu_memory_gb": 0,
      "gpu_memory_cached_gb": 0
    },
    {
      "cpu_memory_gb": 1.2885971069335938,
      "gpu_memory_gb": 0,
      "gpu_memory_cached_gb": 0
    },
    {
      "cpu_memory_gb": 1.2887191772460938,
      "gpu_memory_gb": 0,
      "gpu_memory_cached_gb": 0
    },
    {
      "cpu_memory_gb": 1.2888412475585938,
      "gpu_memory_gb": 0,
      "gpu_memory_cached_gb": 0
    },
    {
      "cpu_memory_gb": 1.2888412475585938,
      "gpu_memory_gb": 0,
      "gpu_memory_cached_gb": 0
    },
    {
      "cpu_memory_gb": 1.2889900207519531,
      "gpu_memory_gb": 0,
      "gpu_memory_cached_gb": 0
    },
    {
      "cpu_memory_gb": 1.2889633178710938,
      "gpu_memory_gb": 0,
      "gpu_memory_cached_gb": 0
    },
    {
      "cpu_memory_gb": 1.2890853881835938,
      "gpu_memory_gb": 0,
      "gpu_memory_cached_gb": 0
    },
    {
      "cpu_memory_gb": 1.2890853881835938,
      "gpu_memory_gb": 0,
      "gpu_memory_cached_gb": 0
    },
    {
      "cpu_memory_gb": 1.2890853881835938,
      "gpu_memory_gb": 0,
      "gpu_memory_cached_gb": 0
    },
    {
      "cpu_memory_gb": 1.2892074584960938,
      "gpu_memory_gb": 0,
      "gpu_memory_cached_gb": 0
    },
    {
      "cpu_memory_gb": 1.2892074584960938,
      "gpu_memory_gb": 0,
      "gpu_memory_cached_gb": 0
    },
    {
      "cpu_memory_gb": 1.2894515991210938,
      "gpu_memory_gb": 0,
      "gpu_memory_cached_gb": 0
    },
    {
      "cpu_memory_gb": 1.2894515991210938,
      "gpu_memory_gb": 0,
      "gpu_memory_cached_gb": 0
    },
    {
      "cpu_memory_gb": 1.2894515991210938,
      "gpu_memory_gb": 0,
      "gpu_memory_cached_gb": 0
    },
    {
      "cpu_memory_gb": 1.2894515991210938,
      "gpu_memory_gb": 0,
      "gpu_memory_cached_gb": 0
    },
    {
      "cpu_memory_gb": 1.2894515991210938,
      "gpu_memory_gb": 0,
      "gpu_memory_cached_gb": 0
    },
    {
      "cpu_memory_gb": 1.2894515991210938,
      "gpu_memory_gb": 0,
      "gpu_memory_cached_gb": 0
    },
    {
      "cpu_memory_gb": 1.2894515991210938,
      "gpu_memory_gb": 0,
      "gpu_memory_cached_gb": 0
    },
    {
      "cpu_memory_gb": 1.2894630432128906,
      "gpu_memory_gb": 0,
      "gpu_memory_cached_gb": 0
    }
  ]
}