Model,Architecture,Parameters,Final Accuracy (%),Best Accuracy (%),Training Time (s),Avg Epoch Time (s),Inference Time (s),Inference FPS,CPU Memory (GB),GPU Memory (GB),Accuracy/Param (×1000),Accuracy/Time,Memory Efficiency,Overall Score,Rank
Traditional_MLP,Fully Connected,535818,98.63,98.63,795.6282279491425,53.04188186327617,0.009343695640563966,107.02403400841534,1.1553306579589844,0,0.18407369666565884,0.12396493303692155,85.36949947666106,0.7382571139807576,1.0
Traditional_CNN,Convolutional,390410,99.53,99.53,1558.6579563617706,103.91053042411804,0.04864721298217774,20.556162186852458,1.2091827392578125,0,0.2549371173894111,0.06385621655717433,82.31179355164363,0.6903967148939701,2.0
Traditional_ResNet,Residual Convolutional,174970,99.55,99.61,3549.8139414787292,177.49069707393647,0.07566533088684083,13.21609234083073,1.2843246459960938,0,0.5689546779447906,0.02804372331653273,77.51155466053618,0.5096976844082238,4.0
Lightweight_Basic,Single-Weight Neurons + Attention,344154,98.36,98.36,1466.5212318897247,97.76808212598165,0.032783007621765135,30.50360758651335,1.2873764038085938,0,0.2858022861858354,0.06707028705834393,76.40345101013992,0.3926934842768075,6.0
Lightweight_Conv,Lightweight Conv + Single-Weight Neurons + Attention,316715,99.27,99.34,1125.0643818378448,75.00429212252298,0.0524979829788208,19.04835087480273,1.2883529663085938,0,0.3134363702382268,0.08823495046375733,77.05186590630495,0.6123086452169617,3.0
Lightweight_Adaptive,Mixture of Lightweight Experts + Routing,958030,97.81,97.86,1711.1828379631042,85.55914189815522,0.030814433097839357,32.45232507847493,1.2894630432128906,0,0.10209492395853993,0.05715929229189063,75.85327901782412,0.1745273541911831,7.0
Lightweight_No_Attention,Single-Weight Neurons + Attention,109386,98.2,98.21,1212.027511358261,80.80183409055074,0.029044127464294432,34.43036810898712,1.290557861328125,0,0.8977382846068053,0.0810212631971959,76.09112535174631,0.40714615769970763,5.0
