{
  "model_name": "Traditional_CNN",
  "final_accuracy": 99.53,
  "final_loss": 0.02289177779394876,
  "best_accuracy": 99.53,
  "total_epochs": 15,
  "avg_epoch_time": 103.91053042411804,
  "total_training_time": 1558.6579563617706,
  "inference_time_full": 12.252371549606323,
  "avg_batch_inference_time": 0.04864721298217774,
  "std_batch_inference_time": 0.013881816442998284,
  "final_memory_usage": {
    "cpu_memory_gb": 1.2091827392578125,
    "gpu_memory_gb": 0,
    "gpu_memory_cached_gb": 0
  },
  "model_info": {
    "name": "Traditional CNN",
    "total_params": 390410,
    "trainable_params": 390410,
    "architecture": "Convolutional"
  }
}