{
  "train_loss": [
    0.1460345182850806,
    0.04540575767603161,
    0.03481504707093309,
    0.027360929545873443,
    0.025440648353885986,
    0.022529440232491028,
    0.019335476870423675,
    0.00867674704030792,
    0.006052888973561704,
    0.005376080918004925,
    0.004626720564508215,
    0.0038898335390771155,
    0.0032427795508340657,
    0.0029567501032768725,
    0.0021192672207410363,
    0.0019368752778655398,
    0.0018263702658897721,
    0.00168729578234867,
    0.0015999291810371173,
    0.0016248288718373654
  ],
  "train_acc": [
    96.24166666666666,
    98.64833333333333,
    98.92333333333333,
    99.20333333333333,
    99.235,
    99.29166666666667,
    99.36,
    99.74666666666667,
    99.85,
    99.85666666666667,
    99.895,
    99.90666666666667,
    99.93666666666667,
    99.93666666666667,
    99.975,
    99.97,
    99.97,
    99.97333333333333,
    99.985,
    99.97833333333334
  ],
  "val_loss": [
    0.056471740684596594,
    0.027439528896961253,
    0.03652393188721287,
    0.02104416536482401,
    0.026826788948913355,
    0.02698745487934827,
    0.017412077648421787,
    0.012241066930339906,
    0.012184069986166607,
    0.011907353695938686,
    0.012628480382761391,
    0.011456332172908397,
    0.012255752469178668,
    0.013180635419430589,
    0.012508294341465432,
    0.0124586178785127,
    0.012266083191111561,
    0.012950285629381577,
    0.012510105549663884,
    0.01272742335418492
  ],
  "val_acc": [
    98.28,
    99.13,
    98.94,
    99.22,
    99.17,
    99.13,
    99.41,
    99.58,
    99.58,
    99.61,
    99.54,
    99.58,
    99.6,
    99.52,
    99.53,
    99.56,
    99.56,
    99.53,
    99.55,
    99.55
  ],
  "epoch_times": [
    202.26833248138428,
    205.5868682861328,
    204.2237319946289,
    205.12553453445435,
    155.3631980419159,
    154.1225163936615,
    179.7425754070282,
    155.56352353096008,
    155.6177065372467,
    156.50247597694397,
    170.7342894077301,
    170.79101037979126,
    171.99255204200745,
    172.00501036643982,
    171.51771926879883,
    171.68208074569702,
    172.21060013771057,
    192.59893822669983,
    191.0237865447998,
    191.14149117469788
  ],
  "memory_usage": [
    {
      "cpu_memory_gb": 1.2750587463378906,
      "gpu_memory_gb": 0,
      "gpu_memory_cached_gb": 0
    },
    {
      "cpu_memory_gb": 1.2842903137207031,
      "gpu_memory_gb": 0,
      "gpu_memory_cached_gb": 0
    },
    {
      "cpu_memory_gb": 1.2841644287109375,
      "gpu_memory_gb": 0,
      "gpu_memory_cached_gb": 0
    },
    {
      "cpu_memory_gb": 1.2782630920410156,
      "gpu_memory_gb": 0,
      "gpu_memory_cached_gb": 0
    },
    {
      "cpu_memory_gb": 1.2723808288574219,
      "gpu_memory_gb": 0,
      "gpu_memory_cached_gb": 0
    },
    {
      "cpu_memory_gb": 1.2806129455566406,
      "gpu_memory_gb": 0,
      "gpu_memory_cached_gb": 0
    },
    {
      "cpu_memory_gb": 1.2724494934082031,
      "gpu_memory_gb": 0,
      "gpu_memory_cached_gb": 0
    },
    {
      "cpu_memory_gb": 1.2723884582519531,
      "gpu_memory_gb": 0,
      "gpu_memory_cached_gb": 0
    },
    {
      "cpu_memory_gb": 1.2858734130859375,
      "gpu_memory_gb": 0,
      "gpu_memory_cached_gb": 0
    },
    {
      "cpu_memory_gb": 1.2873649597167969,
      "gpu_memory_gb": 0,
      "gpu_memory_cached_gb": 0
    },
    {
      "cpu_memory_gb": 1.2998771667480469,
      "gpu_memory_gb": 0,
      "gpu_memory_cached_gb": 0
    },
    {
      "cpu_memory_gb": 1.2842445373535156,
      "gpu_memory_gb": 0,
      "gpu_memory_cached_gb": 0
    },
    {
      "cpu_memory_gb": 1.2850875854492188,
      "gpu_memory_gb": 0,
      "gpu_memory_cached_gb": 0
    },
    {
      "cpu_memory_gb": 1.2759742736816406,
      "gpu_memory_gb": 0,
      "gpu_memory_cached_gb": 0
    },
    {
      "cpu_memory_gb": 1.2732124328613281,
      "gpu_memory_gb": 0,
      "gpu_memory_cached_gb": 0
    },
    {
      "cpu_memory_gb": 1.2783393859863281,
      "gpu_memory_gb": 0,
      "gpu_memory_cached_gb": 0
    },
    {
      "cpu_memory_gb": 1.30120849609375,
      "gpu_memory_gb": 0,
      "gpu_memory_cached_gb": 0
    },
    {
      "cpu_memory_gb": 1.28509521484375,
      "gpu_memory_gb": 0,
      "gpu_memory_cached_gb": 0
    },
    {
      "cpu_memory_gb": 1.2842178344726562,
      "gpu_memory_gb": 0,
      "gpu_memory_cached_gb": 0
    },
    {
      "cpu_memory_gb": 1.2843246459960938,
      "gpu_memory_gb": 0,
      "gpu_memory_cached_gb": 0
    }
  ]
}